{
  "volumio": {
    "api_key": "AIzaSyAl1Xq9DwdE_KD4AtPaE4EJl3WZe2zCqg4",
    "client_id": "163050398935-kinnlu3t4nasrcf9650odtrm97adrp6c.apps.googleusercontent.com",
    "project_id": "volumio-youtube-165117",
    "auth_uri": "https://accounts.google.com/o/oauth2/auth",
    "token_uri": "https://accounts.google.com/o/oauth2/token",
    "auth_provider_x509_cert_url": "https://www.googleapis.com/oauth2/v1/certs",
    "client_secret": "hW2iik0H3ikYQFtvZxljXnGg",
    "redirect_uris": [
      "http://127.0.0.1:9004"
    ]
  }
}
