{
  "page": {
    "label": "TRANSLATE.YOUTUBE_CONFIGURATION"
  },
  "sections": [
    {
      "id": "section_api",
      "element": "section",
      "label": "TRANSLATE.YOUTUBE_API",
      "description": "TRANSLATE.YOUTUBE_API_DESC",
      "icon": "fa-key",
      "onSave": {
        "type": "controller",
        "endpoint": "music_service/youtube",
        "method": "updateAPISettings"
      },
      "saveButton": {
        "label": "TRANSLATE.YOUTUBE_SAVE",
        "data": [
          "api_default",
          "api_key",
          "client_id",
          "client_secret"
        ]
      },
      "content": [
        {
          "id": "api_default",
          "element": "switch",
          "doc": "",
          "label": "TRANSLATE.YOUTUBE_API_DEFAULT",
          "value": "true"
        },
        {
          "id": "api_key",
          "type": "text",
          "element": "input",
          "doc": "",
          "label": "TRANSLATE.YOUTUBE_API_KEY",
          "value": "",
          "visibleIf": {"field": "api_default", "value": false}
        },
        {
          "id": "client_id",
          "type": "text",
          "element": "input",
          "doc": "",
          "label": "TRANSLATE.YOUTUBE_CLIENT_ID",
          "value": "",
          "visibleIf": {"field": "api_default", "value": false}
        },
        {
          "id": "client_secret",
          "type": "text",
          "element": "input",
          "doc": "",
          "label": "TRANSLATE.YOUTUBE_CLIENT_SECRET",
          "value": "",
          "visibleIf": {"field": "api_default", "value": false}
        }
      ]
    },
		{
      "id": "section_account",
      "element": "section",
      "label": "TRANSLATE.YOUTUBE_ACCOUNT",
			"description": "TRANSLATE.YOUTUBE_GRANT_ACCESS",
      "icon": "fa-user",
			"content": [
        {
          "id": "access_code",
          "type": "text",
          "element": "input",
          "doc": "TRANSLATE.YOUTUBE_ACCESS_CODE_DOC",
          "label": "TRANSLATE.YOUTUBE_ACCESS_CODE",
          "value": ""
        }
      ]
    },
    {
      "id": "section_general",
      "element": "section",
      "label": "TRANSLATE.YOUTUBE_GENERAL",
      "icon": "fa-wrench",
      "onSave": {
        "type": "controller",
        "endpoint": "music_service/youtube",
        "method": "updateGeneralSettings"
      },
      "saveButton": {
        "label": "TRANSLATE.YOUTUBE_SAVE",
        "data": [
          "items_per_page"
        ]
      },
      "content": [
        {
          "id": "items_per_page",
          "type": "number",
          "element": "input",
          "doc": "TRANSLATE.YOUTUBE_ITEMS_PER_PAGE_DOC",
          "label": "TRANSLATE.YOUTUBE_ITEMS_PER_PAGE",
          "value": 50
        }
      ]
    },
    {
      "id": "section_cache",
      "element": "section",
      "label": "TRANSLATE.YOUTUBE_CACHE",
      "icon": "fa-database",
      "onSave": {
        "type": "controller",
        "endpoint": "music_service/youtube",
        "method": "updateCacheSettings"
      },
      "saveButton": {
        "label": "TRANSLATE.YOUTUBE_SAVE",
        "data": [
          "cache_enabled",
          "cache_ttl",
          "cache_max"
        ]
      },
      "content": [
        {
          "id": "cache_enabled",
          "type": "boolean",
          "element": "switch",
          "doc": "TRANSLATE.YOUTUBE_CACHE_ENABLED_DOC",
          "label": "TRANSLATE.YOUTUBE_CACHE_ENABLED",
          "value": true
        },
        {
          "id": "cache_ttl",
          "type": "number",
          "element": "input",
          "doc": "TRANSLATE.YOUTUBE_CACHE_TTL_DOC",
          "label": "TRANSLATE.YOUTUBE_CACHE_TTL",
          "value": 3600
        },
        {
          "id": "cache_max",
          "type": "number",
          "element": "input",
          "doc": "TRANSLATE.YOUTUBE_CACHE_MAX_DOC",
          "label": "TRANSLATE.YOUTUBE_CACHE_MAX",
          "value": 500
        },
        {
          "id": "cache_clear",
          "element": "button",
          "doc": "TRANSLATE.YOUTUBE_CACHE_CLEAR_DOC",
          "label": "TRANSLATE.YOUTUBE_CACHE_CLEAR",
          "onClick": {
            "type": "emit",
            "message": "callMethod",
            "data": {
              "endpoint": "music_service/youtube",
              "method": "clearCache",
              "data": ""
            }
          }
        }
      ]
    }
  ]
}
